INSERT INTO USER_STATS (ID, USERNAME, LEVEL, POINTS)
	VALUES (1, 'ivo', 1, 103);
INSERT INTO USER_STATS (ID, USERNAME, LEVEL, POINTS)
	VALUES (2, 'ivo', 2, 150);
INSERT INTO USER_STATS (ID, USERNAME, LEVEL, POINTS)
	VALUES (3, 'marko', 1, 115);
INSERT INTO USER_STATS (ID, USERNAME, LEVEL, POINTS)
	VALUES (4, 'marko', 2, 209);
INSERT INTO USER_STATS (ID, USERNAME, LEVEL, POINTS)
	VALUES (5, 'marko', 3, 228);
INSERT INTO USER_STATS (ID, USERNAME, LEVEL, POINTS)
	VALUES (6, 'ana', 1, 111);
INSERT INTO USER_STATS (ID, USERNAME, LEVEL, POINTS)
	VALUES (7, 'ana', 2, 170);
INSERT INTO USER_STATS (ID, USERNAME, LEVEL, POINTS)
	VALUES (8, 'ana', 3, 258);
INSERT INTO USER_STATS (ID, USERNAME, LEVEL, POINTS)
	VALUES (9, 'ana', 4, 331);
	
INSERT INTO DISTRICT (ID, BURGER, DESCRIPTION, NAME, X, Y)
	VALUES (
		1, 
		'Cheeseburger', 
		'Start your burger making adventure in beautiful, but quiet Central Park! See if you can handle basic burgers and cheeseburgers.', 
		'Central Park', 
		231, 
		147
	);
INSERT INTO DISTRICT (ID, BURGER, DESCRIPTION, NAME, X, Y)
	VALUES (
		2, 
		'Mr. Tomato', 
		'Ready for more adventures in busier Lincoln Center? It always gets rough on days of performance. People, however, LOVE Mr. Tomato before AND after the show',
		'Lincoln Center',
		204,
		194
	);
INSERT INTO DISTRICT (ID, BURGER, DESCRIPTION, NAME, X, Y)
	VALUES (
		3, 
		'Royal', 
		'Not satisfied yet? Try making Royal in always crowded Grand Central Terminal without getting annoyed',
		'Grand Central Terminal',
		262,
		257
	);
INSERT INTO DISTRICT (ID, BURGER, DESCRIPTION, NAME, X, Y)
	VALUES (
		4, 
		'Onion Jam', 
		'What better combo than great concert in Madison Square Garden and Onion Jam? Even though people are everywhere, you get to listen concert for free!',
		'Madison Square Garden',
		226,
		291
	);
INSERT INTO DISTRICT (ID, BURGER, DESCRIPTION, NAME, X, Y)
	VALUES (
		5, 
		'Crispy Bacon', 
		'Wanna be on top of the world (Manhattan)? Become burger master chef in busy Wall Street. Business people hate to be waiting, but hey, if service is great, tips are awesome!',
		'Wall Street',
		256,
		449
	);
	
INSERT INTO LEVEL (LEVEL, ORDERS_COUNT, SLEEP_INTERVAL, THRESHOLD) 
	VALUES (1, 8, 5000, 100);
INSERT INTO LEVEL (LEVEL, ORDERS_COUNT, SLEEP_INTERVAL, THRESHOLD) 
	VALUES (2, 11, 4000, 165);
INSERT INTO LEVEL (LEVEL, ORDERS_COUNT, SLEEP_INTERVAL, THRESHOLD) 
	VALUES (3, 14, 3000, 245);
INSERT INTO LEVEL (LEVEL, ORDERS_COUNT, SLEEP_INTERVAL, THRESHOLD) 
	VALUES (4, 17, 2000, 340);
INSERT INTO LEVEL (LEVEL, ORDERS_COUNT, SLEEP_INTERVAL, THRESHOLD) 
	VALUES (5, 20, 1000, 450);
	
INSERT INTO BURGER (MEAT, NAME, POINTS) 
	VALUES ('WELL_DONE', 'Burger', 10);
INSERT INTO BURGER (MEAT, NAME, POINTS) 
	VALUES ('WELL_DONE', 'Cheeseburger', 15);
INSERT INTO BURGER (MEAT, NAME, POINTS) 
	VALUES ('WELL_DONE', 'Mr. Tomato', 20);
INSERT INTO BURGER (MEAT, NAME, POINTS) 
	VALUES ('WELL_DONE', 'Royal', 25);
INSERT INTO BURGER (MEAT, NAME, POINTS) 
	VALUES ('WELL_DONE', 'Onion Jam', 30);
INSERT INTO BURGER (MEAT, NAME, POINTS) 
	VALUES ('WELL_DONE', 'Crispy Bacon', 35);

INSERT INTO INGREDIENT (NAME) 
	VALUES ('Tomato');
INSERT INTO INGREDIENT (NAME) 
	VALUES ('Cheese');
INSERT INTO INGREDIENT (NAME) 
	VALUES ('Salad');
INSERT INTO INGREDIENT (NAME) 
	VALUES ('Onion');
INSERT INTO INGREDIENT (NAME) 
	VALUES ('Bacon');
INSERT INTO INGREDIENT (NAME) 
	VALUES ('Ketchup');

INSERT INTO BURGER_INGREDIENTS (BURGER_NAME, INGREDIENTS_NAME) 
	VALUES ('Burger', 'Ketchup');

INSERT INTO BURGER_INGREDIENTS (BURGER_NAME, INGREDIENTS_NAME) 
	VALUES ('Cheeseburger', 'Cheese');
INSERT INTO BURGER_INGREDIENTS (BURGER_NAME, INGREDIENTS_NAME) 
	VALUES ('Cheeseburger', 'Ketchup');

INSERT INTO BURGER_INGREDIENTS (BURGER_NAME, INGREDIENTS_NAME) 
	VALUES ('Mr. Tomato', 'Tomato');
INSERT INTO BURGER_INGREDIENTS (BURGER_NAME, INGREDIENTS_NAME) 
	VALUES ('Mr. Tomato', 'Cheese');
INSERT INTO BURGER_INGREDIENTS (BURGER_NAME, INGREDIENTS_NAME) 
	VALUES ('Mr. Tomato', 'Ketchup');

INSERT INTO BURGER_INGREDIENTS (BURGER_NAME, INGREDIENTS_NAME) 
	VALUES ('Royal', 'Tomato');
INSERT INTO BURGER_INGREDIENTS (BURGER_NAME, INGREDIENTS_NAME) 
	VALUES ('Royal', 'Cheese');
INSERT INTO BURGER_INGREDIENTS (BURGER_NAME, INGREDIENTS_NAME) 
	VALUES ('Royal', 'Salad');
INSERT INTO BURGER_INGREDIENTS (BURGER_NAME, INGREDIENTS_NAME) 
	VALUES ('Royal', 'Ketchup');

INSERT INTO BURGER_INGREDIENTS (BURGER_NAME, INGREDIENTS_NAME) 
	VALUES ('Onion Jam', 'Tomato');
INSERT INTO BURGER_INGREDIENTS (BURGER_NAME, INGREDIENTS_NAME) 
	VALUES ('Onion Jam', 'Cheese');
INSERT INTO BURGER_INGREDIENTS (BURGER_NAME, INGREDIENTS_NAME) 
	VALUES ('Onion Jam', 'Salad');
INSERT INTO BURGER_INGREDIENTS (BURGER_NAME, INGREDIENTS_NAME) 
	VALUES ('Onion Jam', 'Onion');
INSERT INTO BURGER_INGREDIENTS (BURGER_NAME, INGREDIENTS_NAME) 
	VALUES ('Onion Jam', 'Ketchup');

INSERT INTO BURGER_INGREDIENTS (BURGER_NAME, INGREDIENTS_NAME) 
	VALUES ('Crispy Bacon', 'Tomato');
INSERT INTO BURGER_INGREDIENTS (BURGER_NAME, INGREDIENTS_NAME) 
	VALUES ('Crispy Bacon', 'Cheese');
INSERT INTO BURGER_INGREDIENTS (BURGER_NAME, INGREDIENTS_NAME) 
	VALUES ('Crispy Bacon', 'Salad');
INSERT INTO BURGER_INGREDIENTS (BURGER_NAME, INGREDIENTS_NAME) 
	VALUES ('Crispy Bacon', 'Onion');
INSERT INTO BURGER_INGREDIENTS (BURGER_NAME, INGREDIENTS_NAME) 
	VALUES ('Crispy Bacon', 'Bacon');
INSERT INTO BURGER_INGREDIENTS (BURGER_NAME, INGREDIENTS_NAME) 
	VALUES ('Crispy Bacon', 'Ketchup');

INSERT INTO LEVEL_BURGERS (LEVEL_LEVEL, BURGERS_NAME) 
	VALUES (1, 'Burger');
INSERT INTO LEVEL_BURGERS (LEVEL_LEVEL, BURGERS_NAME) 
	VALUES (1, 'Cheeseburger');

INSERT INTO LEVEL_BURGERS (LEVEL_LEVEL, BURGERS_NAME) 
	VALUES (2, 'Burger');
INSERT INTO LEVEL_BURGERS (LEVEL_LEVEL, BURGERS_NAME) 
	VALUES (2, 'Cheeseburger');
INSERT INTO LEVEL_BURGERS (LEVEL_LEVEL, BURGERS_NAME) 
	VALUES (2, 'Mr. Tomato');

INSERT INTO LEVEL_BURGERS (LEVEL_LEVEL, BURGERS_NAME) 
	VALUES (3, 'Burger');
INSERT INTO LEVEL_BURGERS (LEVEL_LEVEL, BURGERS_NAME) 
	VALUES (3, 'Cheeseburger');
INSERT INTO LEVEL_BURGERS (LEVEL_LEVEL, BURGERS_NAME) 
	VALUES (3, 'Mr. Tomato');
INSERT INTO LEVEL_BURGERS (LEVEL_LEVEL, BURGERS_NAME) 
	VALUES (3, 'Royal');

INSERT INTO LEVEL_BURGERS (LEVEL_LEVEL, BURGERS_NAME) 
	VALUES (4, 'Burger');
INSERT INTO LEVEL_BURGERS (LEVEL_LEVEL, BURGERS_NAME) 
	VALUES (4, 'Cheeseburger');
INSERT INTO LEVEL_BURGERS (LEVEL_LEVEL, BURGERS_NAME) 
	VALUES (4, 'Mr. Tomato');
INSERT INTO LEVEL_BURGERS (LEVEL_LEVEL, BURGERS_NAME) 
	VALUES (4, 'Royal');
INSERT INTO LEVEL_BURGERS (LEVEL_LEVEL, BURGERS_NAME) 
	VALUES (4, 'Onion Jam');

INSERT INTO LEVEL_BURGERS (LEVEL_LEVEL, BURGERS_NAME) 
	VALUES (5, 'Burger');
INSERT INTO LEVEL_BURGERS (LEVEL_LEVEL, BURGERS_NAME) 
	VALUES (5, 'Cheeseburger');
INSERT INTO LEVEL_BURGERS (LEVEL_LEVEL, BURGERS_NAME) 
	VALUES (5, 'Mr. Tomato');
INSERT INTO LEVEL_BURGERS (LEVEL_LEVEL, BURGERS_NAME) 
	VALUES (5, 'Royal');
INSERT INTO LEVEL_BURGERS (LEVEL_LEVEL, BURGERS_NAME) 
	VALUES (5, 'Onion Jam');
INSERT INTO LEVEL_BURGERS (LEVEL_LEVEL, BURGERS_NAME) 
	VALUES (5, 'Crispy Bacon');
